load,tau_ms,cv,reduced_variant,pairs,mean_delta_pp,ci95_low_pp,ci95_high_pp,p_value,holm_p_value_global_162,holm_p_value_primary_3
0.2,0.0,0.0,DA-BALS-EWMA,30,0.032362459546925494,-0.03382620201076699,0.09855112110461797,0.3255819880161935,1.0,
0.2,0.0,0.0,DA-BALS-EWMA-Cap,30,0.032362459546925494,-0.03382620201076699,0.09855112110461797,0.3255819880161935,1.0,
0.2,0.0,0.0,DA-BALS-EWMA-Decay,30,0.0,0.0,0.0,1.0,1.0,
0.2,0.0,0.5,DA-BALS-EWMA,30,0.0677562138236297,-0.0291009590421408,0.1646133866894002,0.16319395566374936,1.0,
0.2,0.0,0.5,DA-BALS-EWMA-Cap,30,0.0677562138236297,-0.0291009590421408,0.1646133866894002,0.16319395566374936,1.0,
0.2,0.0,0.5,DA-BALS-EWMA-Decay,30,0.0,0.0,0.0,1.0,1.0,
0.2,0.0,1.0,DA-BALS-EWMA,30,0.2824222139874062,0.062639116723049,0.5022053112517634,0.013583201674874715,1.0,
0.2,0.0,1.0,DA-BALS-EWMA-Cap,30,0.2824222139874062,0.062639116723049,0.5022053112517634,0.013583201674874715,1.0,
0.2,0.0,1.0,DA-BALS-EWMA-Decay,30,0.0,0.0,0.0,1.0,1.0,
0.2,10.0,0.0,DA-BALS-EWMA,30,0.032362459546925494,-0.03382620201076699,0.09855112110461797,0.3255819880161935,1.0,
0.2,10.0,0.0,DA-BALS-EWMA-Cap,30,0.032362459546925494,-0.03382620201076699,0.09855112110461797,0.3255819880161935,1.0,
0.2,10.0,0.0,DA-BALS-EWMA-Decay,30,0.0,0.0,0.0,1.0,1.0,
0.2,10.0,0.5,DA-BALS-EWMA,30,0.0677562138236297,-0.0291009590421408,0.1646133866894002,0.16319395566374936,1.0,
0.2,10.0,0.5,DA-BALS-EWMA-Cap,30,0.0677562138236297,-0.0291009590421408,0.1646133866894002,0.16319395566374936,1.0,
0.2,10.0,0.5,DA-BALS-EWMA-Decay,30,0.0,0.0,0.0,1.0,1.0,
0.2,10.0,1.0,DA-BALS-EWMA,30,0.2815990670968437,0.062264396575529485,0.5009337376181578,0.013657290408398736,1.0,
0.2,10.0,1.0,DA-BALS-EWMA-Cap,30,0.2815990670968437,0.062264396575529485,0.5009337376181578,0.013657290408398736,1.0,
0.2,10.0,1.0,DA-BALS-EWMA-Decay,30,0.0,0.0,0.0,1.0,1.0,
0.2,50.0,0.0,DA-BALS-EWMA,30,0.032362459546925494,-0.03382620201076699,0.09855112110461797,0.3255819880161935,1.0,
0.2,50.0,0.0,DA-BALS-EWMA-Cap,30,0.032362459546925494,-0.03382620201076699,0.09855112110461797,0.3255819880161935,1.0,
0.2,50.0,0.0,DA-BALS-EWMA-Decay,30,0.0,0.0,0.0,1.0,1.0,
0.2,50.0,0.5,DA-BALS-EWMA,30,0.0677562138236297,-0.0291009590421408,0.1646133866894002,0.16319395566374936,1.0,
0.2,50.0,0.5,DA-BALS-EWMA-Cap,30,0.0677562138236297,-0.0291009590421408,0.1646133866894002,0.16319395566374936,1.0,
0.2,50.0,0.5,DA-BALS-EWMA-Decay,30,0.0,0.0,0.0,1.0,1.0,
0.2,50.0,1.0,DA-BALS-EWMA,30,0.24891932853475254,0.05723076438648944,0.44060789268301565,0.012719843373195037,1.0,
0.2,50.0,1.0,DA-BALS-EWMA-Cap,30,0.24891932853475254,0.05723076438648944,0.44060789268301565,0.012719843373195037,1.0,
0.2,50.0,1.0,DA-BALS-EWMA-Decay,30,0.0,0.0,0.0,1.0,1.0,
0.4,0.0,0.0,DA-BALS-EWMA,30,0.052383187596912725,-0.007427651344640428,0.11219402653846589,0.08369775686031901,1.0,
0.4,0.0,0.0,DA-BALS-EWMA-Cap,30,0.052383187596912725,-0.007427651344640428,0.11219402653846589,0.08369775686031901,1.0,
0.4,0.0,0.0,DA-BALS-EWMA-Decay,30,0.0,0.0,0.0,1.0,1.0,
0.4,0.0,0.5,DA-BALS-EWMA,30,0.08356392818671879,0.012432451644350306,0.15469540472908727,0.02289868609816308,1.0,
0.4,0.0,0.5,DA-BALS-EWMA-Cap,30,0.08356392818671879,0.012432451644350306,0.15469540472908727,0.02289868609816308,1.0,
0.4,0.0,0.5,DA-BALS-EWMA-Decay,30,0.0,0.0,0.0,1.0,1.0,
0.4,0.0,1.0,DA-BALS-EWMA,30,0.0834484042206725,0.011883484553532733,0.15501332388781225,0.023843445538576983,1.0,
0.4,0.0,1.0,DA-BALS-EWMA-Cap,30,0.0834484042206725,0.011883484553532733,0.15501332388781225,0.023843445538576983,1.0,
0.4,0.0,1.0,DA-BALS-EWMA-Decay,30,0.0,0.0,0.0,1.0,1.0,
0.4,10.0,0.0,DA-BALS-EWMA,30,0.052383187596912725,-0.007427651344640428,0.11219402653846589,0.08369775686031901,1.0,
0.4,10.0,0.0,DA-BALS-EWMA-Cap,30,0.052383187596912725,-0.007427651344640428,0.11219402653846589,0.08369775686031901,1.0,
0.4,10.0,0.0,DA-BALS-EWMA-Decay,30,0.0,0.0,0.0,1.0,1.0,
0.4,10.0,0.5,DA-BALS-EWMA,30,0.08356392818671879,0.012432451644350306,0.15469540472908727,0.02289868609816308,1.0,
0.4,10.0,0.5,DA-BALS-EWMA-Cap,30,0.08356392818671879,0.012432451644350306,0.15469540472908727,0.02289868609816308,1.0,
0.4,10.0,0.5,DA-BALS-EWMA-Decay,30,0.0,0.0,0.0,1.0,1.0,
0.4,10.0,1.0,DA-BALS-EWMA,30,0.09995005438568967,0.023377672347855386,0.17652243642352394,0.012309858978603852,1.0,
0.4,10.0,1.0,DA-BALS-EWMA-Cap,30,0.09995005438568967,0.023377672347855386,0.17652243642352394,0.012309858978603852,1.0,
0.4,10.0,1.0,DA-BALS-EWMA-Decay,30,0.0,0.0,0.0,1.0,1.0,
0.4,50.0,0.0,DA-BALS-EWMA,30,0.052383187596912725,-0.007427651344640428,0.11219402653846589,0.08369775686031901,1.0,
0.4,50.0,0.0,DA-BALS-EWMA-Cap,30,0.052383187596912725,-0.007427651344640428,0.11219402653846589,0.08369775686031901,1.0,
0.4,50.0,0.0,DA-BALS-EWMA-Decay,30,0.0,0.0,0.0,1.0,1.0,
0.4,50.0,0.5,DA-BALS-EWMA,30,0.08356392818671879,0.012432451644350306,0.15469540472908727,0.02289868609816308,1.0,
0.4,50.0,0.5,DA-BALS-EWMA-Cap,30,0.08356392818671879,0.012432451644350306,0.15469540472908727,0.02289868609816308,1.0,
0.4,50.0,0.5,DA-BALS-EWMA-Decay,30,0.0,0.0,0.0,1.0,1.0,
0.4,50.0,1.0,DA-BALS-EWMA,30,0.09995005438568967,0.023377672347855386,0.17652243642352394,0.012309858978603852,1.0,
0.4,50.0,1.0,DA-BALS-EWMA-Cap,30,0.09995005438568967,0.023377672347855386,0.17652243642352394,0.012309858978603852,1.0,
0.4,50.0,1.0,DA-BALS-EWMA-Decay,30,0.0,0.0,0.0,1.0,1.0,
0.6,0.0,0.0,DA-BALS-EWMA,30,0.06811538983141409,0.005939829616752185,0.130290950046076,0.03287706111379975,1.0,
0.6,0.0,0.0,DA-BALS-EWMA-Cap,30,0.06811538983141409,0.005939829616752185,0.130290950046076,0.03287706111379975,1.0,
0.6,0.0,0.0,DA-BALS-EWMA-Decay,30,0.0,0.0,0.0,1.0,1.0,
0.6,0.0,0.5,DA-BALS-EWMA,30,0.032800221870368775,-0.016300935425117194,0.08190137916585474,0.18236498603517992,1.0,
0.6,0.0,0.5,DA-BALS-EWMA-Cap,30,0.032800221870368775,-0.016300935425117194,0.08190137916585474,0.18236498603517992,1.0,
0.6,0.0,0.5,DA-BALS-EWMA-Decay,30,0.0,0.0,0.0,1.0,1.0,
0.6,0.0,1.0,DA-BALS-EWMA,30,0.0908981526496144,0.01688303756481782,0.16491326773441098,0.017833916641863536,1.0,
0.6,0.0,1.0,DA-BALS-EWMA-Cap,30,0.0908981526496144,0.01688303756481782,0.16491326773441098,0.017833916641863536,1.0,
0.6,0.0,1.0,DA-BALS-EWMA-Decay,30,0.0,0.0,0.0,1.0,1.0,
0.6,10.0,0.0,DA-BALS-EWMA,30,0.06811538983141409,0.005939829616752185,0.130290950046076,0.03287706111379975,1.0,
0.6,10.0,0.0,DA-BALS-EWMA-Cap,30,0.06811538983141409,0.005939829616752185,0.130290950046076,0.03287706111379975,1.0,
0.6,10.0,0.0,DA-BALS-EWMA-Decay,30,0.0,0.0,0.0,1.0,1.0,
0.6,10.0,0.5,DA-BALS-EWMA,30,0.032800221870368775,-0.016300935425117194,0.08190137916585474,0.18236498603517992,1.0,
0.6,10.0,0.5,DA-BALS-EWMA-Cap,30,0.032800221870368775,-0.016300935425117194,0.08190137916585474,0.18236498603517992,1.0,
0.6,10.0,0.5,DA-BALS-EWMA-Decay,30,0.0,0.0,0.0,1.0,1.0,
0.6,10.0,1.0,DA-BALS-EWMA,30,0.1590653403059136,0.06105811864111478,0.25707256197071243,0.0024414324348358443,0.39551205444340676,
0.6,10.0,1.0,DA-BALS-EWMA-Cap,30,0.1590653403059136,0.06105811864111478,0.25707256197071243,0.0024414324348358443,0.39551205444340676,
0.6,10.0,1.0,DA-BALS-EWMA-Decay,30,0.0,0.0,0.0,1.0,1.0,
0.6,50.0,0.0,DA-BALS-EWMA,30,0.06811538983141409,0.005939829616752185,0.130290950046076,0.03287706111379975,1.0,
0.6,50.0,0.0,DA-BALS-EWMA-Cap,30,0.06811538983141409,0.005939829616752185,0.130290950046076,0.03287706111379975,1.0,
0.6,50.0,0.0,DA-BALS-EWMA-Decay,30,0.0,0.0,0.0,1.0,1.0,
0.6,50.0,0.5,DA-BALS-EWMA,30,0.032800221870368775,-0.016300935425117194,0.08190137916585474,0.18236498603517992,1.0,
0.6,50.0,0.5,DA-BALS-EWMA-Cap,30,0.032800221870368775,-0.016300935425117194,0.08190137916585474,0.18236498603517992,1.0,
0.6,50.0,0.5,DA-BALS-EWMA-Decay,30,0.0,0.0,0.0,1.0,1.0,
0.6,50.0,1.0,DA-BALS-EWMA,30,0.15960662247524765,0.05105631787052199,0.2681569270799733,0.005401267595352974,0.8642028152564758,
0.6,50.0,1.0,DA-BALS-EWMA-Cap,30,0.15960662247524765,0.05105631787052199,0.2681569270799733,0.005401267595352974,0.8642028152564758,
0.6,50.0,1.0,DA-BALS-EWMA-Decay,30,0.0,0.0,0.0,1.0,1.0,
0.8,0.0,0.0,DA-BALS-EWMA,30,-0.0014908180230762014,-0.04591905223710164,0.04293741619094924,0.9457559629595929,1.0,
0.8,0.0,0.0,DA-BALS-EWMA-Cap,30,-0.0014908180230762014,-0.04591905223710164,0.04293741619094924,0.9457559629595929,1.0,
0.8,0.0,0.0,DA-BALS-EWMA-Decay,30,0.0,0.0,0.0,1.0,1.0,
0.8,0.0,0.5,DA-BALS-EWMA,30,0.09053070772518103,0.010808254467930087,0.17025316098243198,0.02742734659557244,1.0,
0.8,0.0,0.5,DA-BALS-EWMA-Cap,30,0.09053070772518103,0.010808254467930087,0.17025316098243198,0.02742734659557244,1.0,
0.8,0.0,0.5,DA-BALS-EWMA-Decay,30,0.0,0.0,0.0,1.0,1.0,
0.8,0.0,1.0,DA-BALS-EWMA,30,0.10850821178674484,0.018107749816855923,0.19890867375663376,0.020329187492406562,1.0,
0.8,0.0,1.0,DA-BALS-EWMA-Cap,30,0.10850821178674484,0.018107749816855923,0.19890867375663376,0.020329187492406562,1.0,
0.8,0.0,1.0,DA-BALS-EWMA-Decay,30,0.0,0.0,0.0,1.0,1.0,
0.8,10.0,0.0,DA-BALS-EWMA,30,-0.0014908180230762014,-0.04591905223710164,0.04293741619094924,0.9457559629595929,1.0,
0.8,10.0,0.0,DA-BALS-EWMA-Cap,30,-0.0014908180230762014,-0.04591905223710164,0.04293741619094924,0.9457559629595929,1.0,
0.8,10.0,0.0,DA-BALS-EWMA-Decay,30,0.0,0.0,0.0,1.0,1.0,
0.8,10.0,0.5,DA-BALS-EWMA,30,0.06577863365857724,0.01192332888393248,0.119633938433222,0.018408741820327913,1.0,
0.8,10.0,0.5,DA-BALS-EWMA-Cap,30,0.06577863365857724,0.01192332888393248,0.119633938433222,0.018408741820327913,1.0,
0.8,10.0,0.5,DA-BALS-EWMA-Decay,30,0.0,0.0,0.0,1.0,1.0,
0.8,10.0,1.0,DA-BALS-EWMA,30,0.08390997913365984,-0.02748697170819503,0.19530692997551471,0.13426269997216825,1.0,
0.8,10.0,1.0,DA-BALS-EWMA-Cap,30,0.08390997913365984,-0.02748697170819503,0.19530692997551471,0.13426269997216825,1.0,
0.8,10.0,1.0,DA-BALS-EWMA-Decay,30,0.0,0.0,0.0,1.0,1.0,
0.8,50.0,0.0,DA-BALS-EWMA,30,-0.0014908180230762014,-0.04591905223710164,0.04293741619094924,0.9457559629595929,1.0,
0.8,50.0,0.0,DA-BALS-EWMA-Cap,30,-0.0014908180230762014,-0.04591905223710164,0.04293741619094924,0.9457559629595929,1.0,
0.8,50.0,0.0,DA-BALS-EWMA-Decay,30,0.0,0.0,0.0,1.0,1.0,
0.8,50.0,0.5,DA-BALS-EWMA,30,0.06577863365857724,0.01192332888393248,0.119633938433222,0.018408741820327913,1.0,
0.8,50.0,0.5,DA-BALS-EWMA-Cap,30,0.06577863365857724,0.01192332888393248,0.119633938433222,0.018408741820327913,1.0,
0.8,50.0,0.5,DA-BALS-EWMA-Decay,30,0.0,0.0,0.0,1.0,1.0,
0.8,50.0,1.0,DA-BALS-EWMA,30,0.16926470390305753,0.013459123493325814,0.3250702843127893,0.03425186251258512,1.0,
0.8,50.0,1.0,DA-BALS-EWMA-Cap,30,0.14481482615244612,0.012064438488340268,0.27756521381655197,0.03356985126130362,1.0,
0.8,50.0,1.0,DA-BALS-EWMA-Decay,30,0.016299918500407764,-0.017037157980973442,0.04963699498178897,0.3255819880161937,1.0,
1.0,0.0,0.0,DA-BALS-EWMA,30,0.046302289038556904,0.01439973783383347,0.07820484024328034,0.005949742821471695,0.9400593657925279,
1.0,0.0,0.0,DA-BALS-EWMA-Cap,30,0.046302289038556904,0.01439973783383347,0.07820484024328034,0.005949742821471695,0.9400593657925279,
1.0,0.0,0.0,DA-BALS-EWMA-Decay,30,0.0,0.0,0.0,1.0,1.0,
1.0,0.0,0.5,DA-BALS-EWMA,30,0.012787485982680853,-0.035122641339072086,0.060697613304433795,0.5893210689486452,1.0,
1.0,0.0,0.5,DA-BALS-EWMA-Cap,30,0.012787485982680853,-0.035122641339072086,0.060697613304433795,0.5893210689486452,1.0,
1.0,0.0,0.5,DA-BALS-EWMA-Decay,30,0.0,0.0,0.0,1.0,1.0,
1.0,0.0,1.0,DA-BALS-EWMA,30,-0.06171498618914531,-0.15761155608568814,0.03418158370739752,0.19840827394864008,1.0,
1.0,0.0,1.0,DA-BALS-EWMA-Cap,30,-0.06171498618914531,-0.15761155608568814,0.03418158370739752,0.19840827394864008,1.0,
1.0,0.0,1.0,DA-BALS-EWMA-Decay,30,0.0,0.0,0.0,1.0,1.0,
1.0,10.0,0.0,DA-BALS-EWMA,30,0.046302289038556904,0.01439973783383347,0.07820484024328034,0.005949742821471695,0.9400593657925279,
1.0,10.0,0.0,DA-BALS-EWMA-Cap,30,0.046302289038556904,0.01439973783383347,0.07820484024328034,0.005949742821471695,0.9400593657925279,
1.0,10.0,0.0,DA-BALS-EWMA-Decay,30,0.0,0.0,0.0,1.0,1.0,
1.0,10.0,0.5,DA-BALS-EWMA,30,0.012454610685756033,-0.03932553618638881,0.06423475755790087,0.6264676319508468,1.0,
1.0,10.0,0.5,DA-BALS-EWMA-Cap,30,0.012454610685756033,-0.03932553618638881,0.06423475755790087,0.6264676319508468,1.0,
1.0,10.0,0.5,DA-BALS-EWMA-Decay,30,0.0,0.0,0.0,1.0,1.0,
1.0,10.0,1.0,DA-BALS-EWMA,30,-0.0027221106816166223,-0.13739200637841806,0.1319477850151848,0.9673076405434237,1.0,
1.0,10.0,1.0,DA-BALS-EWMA-Cap,30,-0.0027221106816166223,-0.13739200637841806,0.1319477850151848,0.9673076405434237,1.0,
1.0,10.0,1.0,DA-BALS-EWMA-Decay,30,0.0,0.0,0.0,1.0,1.0,
1.0,50.0,0.0,DA-BALS-EWMA,30,0.046302289038556904,0.01439973783383347,0.07820484024328034,0.005949742821471695,0.9400593657925279,
1.0,50.0,0.0,DA-BALS-EWMA-Cap,30,0.046302289038556904,0.01439973783383347,0.07820484024328034,0.005949742821471695,0.9400593657925279,
1.0,50.0,0.0,DA-BALS-EWMA-Decay,30,0.0,0.0,0.0,1.0,1.0,
1.0,50.0,0.5,DA-BALS-EWMA,30,0.012454610685756033,-0.03932553618638881,0.06423475755790087,0.6264676319508468,1.0,
1.0,50.0,0.5,DA-BALS-EWMA-Cap,30,0.012454610685756033,-0.03932553618638881,0.06423475755790087,0.6264676319508468,1.0,
1.0,50.0,0.5,DA-BALS-EWMA-Decay,30,0.0,0.0,0.0,1.0,1.0,
1.0,50.0,1.0,DA-BALS-EWMA,30,0.03634275862676049,-0.11114626242996661,0.18383177968348757,0.618093433303494,1.0,
1.0,50.0,1.0,DA-BALS-EWMA-Cap,30,0.03634275862676049,-0.11114626242996661,0.18383177968348757,0.618093433303494,1.0,
1.0,50.0,1.0,DA-BALS-EWMA-Decay,30,0.0,0.0,0.0,1.0,1.0,
1.2,0.0,0.0,DA-BALS-EWMA,30,0.016467962064093438,-0.014455927656227125,0.047391851784414005,0.28505599658982944,1.0,
1.2,0.0,0.0,DA-BALS-EWMA-Cap,30,0.016467962064093438,-0.014455927656227125,0.047391851784414005,0.28505599658982944,1.0,
1.2,0.0,0.0,DA-BALS-EWMA-Decay,30,0.0,0.0,0.0,1.0,1.0,
1.2,0.0,0.5,DA-BALS-EWMA,30,-0.01209076454834322,-0.04456046137965799,0.020378932282971544,0.4524578707092646,1.0,
1.2,0.0,0.5,DA-BALS-EWMA-Cap,30,-0.01209076454834322,-0.04456046137965799,0.020378932282971544,0.4524578707092646,1.0,
1.2,0.0,0.5,DA-BALS-EWMA-Decay,30,0.0,0.0,0.0,1.0,1.0,
1.2,0.0,1.0,DA-BALS-EWMA,30,-0.001307988126118668,-0.07553225380874522,0.07291627755650788,0.9714964075491334,1.0,
1.2,0.0,1.0,DA-BALS-EWMA-Cap,30,-0.001307988126118668,-0.07553225380874522,0.07291627755650788,0.9714964075491334,1.0,
1.2,0.0,1.0,DA-BALS-EWMA-Decay,30,0.0,0.0,0.0,1.0,1.0,
1.2,10.0,0.0,DA-BALS-EWMA,30,0.016467962064093438,-0.014455927656227125,0.047391851784414005,0.28505599658982944,1.0,
1.2,10.0,0.0,DA-BALS-EWMA-Cap,30,0.016467962064093438,-0.014455927656227125,0.047391851784414005,0.28505599658982944,1.0,
1.2,10.0,0.0,DA-BALS-EWMA-Decay,30,0.0,0.0,0.0,1.0,1.0,
1.2,10.0,0.5,DA-BALS-EWMA,30,0.004301981638380899,-0.0369614405773477,0.0455654038541095,0.8326406172528856,1.0,
1.2,10.0,0.5,DA-BALS-EWMA-Cap,30,0.004301981638380899,-0.0369614405773477,0.0455654038541095,0.8326406172528856,1.0,
1.2,10.0,0.5,DA-BALS-EWMA-Decay,30,0.0,0.0,0.0,1.0,1.0,
1.2,10.0,1.0,DA-BALS-EWMA,30,0.011716467214689412,-0.0581735939145375,0.08160652834391632,0.734172864239228,1.0,
1.2,10.0,1.0,DA-BALS-EWMA-Cap,30,0.011716467214689412,-0.0581735939145375,0.08160652834391632,0.734172864239228,1.0,
1.2,10.0,1.0,DA-BALS-EWMA-Decay,30,0.0,0.0,0.0,1.0,1.0,
1.2,50.0,0.0,DA-BALS-EWMA,30,0.016467962064093438,-0.014455927656227125,0.047391851784414005,0.28505599658982944,1.0,
1.2,50.0,0.0,DA-BALS-EWMA-Cap,30,0.016467962064093438,-0.014455927656227125,0.047391851784414005,0.28505599658982944,1.0,
1.2,50.0,0.0,DA-BALS-EWMA-Decay,30,0.0,0.0,0.0,1.0,1.0,
1.2,50.0,0.5,DA-BALS-EWMA,30,-0.0015255241891248754,-0.040997700352109784,0.03794665197386003,0.9375403734159841,1.0,
1.2,50.0,0.5,DA-BALS-EWMA-Cap,30,-0.0015255241891248754,-0.040997700352109784,0.03794665197386003,0.9375403734159841,1.0,
1.2,50.0,0.5,DA-BALS-EWMA-Decay,30,0.0,0.0,0.0,1.0,1.0,
1.2,50.0,1.0,DA-BALS-EWMA,30,-0.011416183334857522,-0.0829534739503876,0.060121107280672555,0.746476742871063,1.0,1.0
1.2,50.0,1.0,DA-BALS-EWMA-Cap,30,-0.011416183334857522,-0.0829534739503876,0.060121107280672555,0.746476742871063,1.0,1.0
1.2,50.0,1.0,DA-BALS-EWMA-Decay,30,0.01640951640951632,-0.007935237361418688,0.04075427018045133,0.17856637048301857,1.0,0.5356991114490557
