analysis,load,tau_ms,cv,pairs,mean_delta_pp,p_value,holm_p_value,holm_significant,direction
robustness_only,0.2,0.0,0.0,30,0.0,,1.0,False,negative
robustness_only,0.2,0.0,0.5,30,-0.12542581993701798,0.04360503827933276,1.0,False,negative
robustness_only,0.2,0.0,1.0,30,-0.18828280208569623,0.011702643728393086,0.3978898867653649,False,negative
robustness_only,0.2,10.0,0.0,30,0.0,,1.0,False,negative
robustness_only,0.2,10.0,0.5,30,-0.12542581993701798,0.04360503827933276,1.0,False,negative
robustness_only,0.2,10.0,1.0,30,-0.22128610241572963,0.005946744628408818,0.20813606199430865,False,negative
robustness_only,0.2,50.0,0.0,30,0.0,,1.0,False,negative
robustness_only,0.2,50.0,0.5,30,-0.12542581993701798,0.04360503827933276,1.0,False,negative
robustness_only,0.2,50.0,1.0,30,-0.2475328215758343,0.003012866976013276,0.11202579806333246,False,negative
robustness_only,0.4,0.0,0.0,30,-0.08507893382437856,0.06027873482081098,1.0,False,negative
robustness_only,0.4,0.0,0.5,30,-0.12381455229485852,0.10129765541138946,1.0,False,negative
robustness_only,0.4,0.0,1.0,30,-0.30445985624060323,0.00017664658113965265,0.009185622219261938,True,negative
robustness_only,0.4,10.0,0.0,30,-0.08507893382437856,0.06027873482081098,1.0,False,negative
robustness_only,0.4,10.0,0.5,30,-0.12381455229485852,0.10129765541138946,1.0,False,negative
robustness_only,0.4,10.0,1.0,30,-0.3567702510209704,0.00012525598941152667,0.0067638234282224406,True,negative
robustness_only,0.4,50.0,0.0,30,-0.08507893382437856,0.06027873482081098,1.0,False,negative
robustness_only,0.4,50.0,0.5,30,-0.12381455229485852,0.10129765541138946,1.0,False,negative
robustness_only,0.4,50.0,1.0,30,-0.3567702510209704,0.00012525598941152667,0.0067638234282224406,True,negative
robustness_only,0.6,0.0,0.0,30,-0.11785603481919082,0.014440472216587992,0.47653558314740374,False,negative
robustness_only,0.6,0.0,0.5,30,-0.2555127219015257,0.00043188478954706884,0.017707276371429822,True,negative
robustness_only,0.6,0.0,1.0,30,-0.43922212782939357,0.00038743829236487616,0.017047284864054553,True,negative
robustness_only,0.6,10.0,0.0,30,-0.11785603481919082,0.014440472216587992,0.47653558314740374,False,negative
robustness_only,0.6,10.0,0.5,30,-0.26772273411153785,0.0003541572993966232,0.016291235772244665,True,negative
robustness_only,0.6,10.0,1.0,30,-0.47393262527102376,0.0002509674013150035,0.01204643526312017,True,negative
robustness_only,0.6,50.0,0.0,30,-0.11785603481919082,0.014440472216587992,0.47653558314740374,False,negative
robustness_only,0.6,50.0,0.5,30,-0.26772273411153785,0.0003541572993966232,0.016291235772244665,True,negative
robustness_only,0.6,50.0,1.0,30,-0.48591483874577457,0.0006205520464713362,0.02482208185885345,True,negative
robustness_only,0.8,0.0,0.0,30,-0.15244888090426228,0.00020728342763028467,0.010571454809144518,True,negative
robustness_only,0.8,0.0,0.5,30,-0.1999958214998429,0.0028724563605983604,0.11202579806333246,False,negative
robustness_only,0.8,0.0,1.0,30,-0.3968749011683807,0.00029106915197956053,0.013680250143039346,True,negative
robustness_only,0.8,10.0,0.0,30,-0.14423870028028887,0.0004105150047043914,0.01765214520228883,True,negative
robustness_only,0.8,10.0,0.5,30,-0.19999582149984338,0.002872456360598268,0.11202579806333246,False,negative
robustness_only,0.8,10.0,1.0,30,-0.4532371066524893,0.00022776699854494152,0.011160582928702135,True,negative
robustness_only,0.8,50.0,0.0,30,-0.14423870028028887,0.0004105150047043914,0.01765214520228883,True,negative
robustness_only,0.8,50.0,0.5,30,-0.19999582149984338,0.002872456360598268,0.11202579806333246,False,negative
robustness_only,0.8,50.0,1.0,30,-0.5044124475780113,0.0002148939249602445,0.010744696248012225,True,negative
robustness_only,1.0,0.0,0.0,30,-0.06989911173139376,0.09750563917508823,1.0,False,negative
robustness_only,1.0,0.0,0.5,30,-0.07220844153515457,0.18669290484584616,1.0,False,negative
robustness_only,1.0,0.0,1.0,30,-0.1865256499228882,0.026364467506672457,0.7909340252001738,False,negative
robustness_only,1.0,10.0,0.0,30,-0.06989911173139376,0.09750563917508823,1.0,False,negative
robustness_only,1.0,10.0,0.5,30,-0.0722084415351541,0.18669290484584966,1.0,False,negative
robustness_only,1.0,10.0,1.0,30,-0.154687642514961,0.09817561653734888,1.0,False,negative
robustness_only,1.0,50.0,0.0,30,-0.06989911173139376,0.09750563917508823,1.0,False,negative
robustness_only,1.0,50.0,0.5,30,-0.0722084415351541,0.18669290484584966,1.0,False,negative
robustness_only,1.0,50.0,1.0,30,-0.14175385642143823,0.13320246965569152,1.0,False,negative
robustness_only,1.2,0.0,0.0,30,-0.07681880822092163,0.07105674664224583,1.0,False,negative
robustness_only,1.2,0.0,0.5,30,0.06961620275399506,0.36894790780494496,1.0,False,positive
robustness_only,1.2,0.0,1.0,30,-0.04595744657295076,0.6647156186995689,1.0,False,negative
robustness_only,1.2,10.0,0.0,30,-0.07681880822092163,0.07105674664224583,1.0,False,negative
robustness_only,1.2,10.0,0.5,30,0.07517175830955031,0.33786465292462625,1.0,False,positive
robustness_only,1.2,10.0,1.0,30,-0.03910584857764026,0.6853348895929617,1.0,False,negative
robustness_only,1.2,50.0,0.0,30,-0.07681880822092163,0.07105674664224583,1.0,False,negative
robustness_only,1.2,50.0,0.5,30,0.07517175830955031,0.33786465292462625,1.0,False,positive
robustness_only,1.2,50.0,1.0,30,-0.10202014670642777,0.3062172275832096,1.0,False,negative
secondary_pooled,0.2,0.0,0.0,45,-0.023640661938534258,0.32277847875430965,1.0,False,negative
secondary_pooled,0.2,0.0,0.5,45,-0.09868841792496047,0.08566257635060648,1.0,False,negative
secondary_pooled,0.2,0.0,1.0,45,-0.16534725089494423,0.012230146370659745,0.2935235128958339,False,negative
secondary_pooled,0.2,10.0,0.0,45,-0.023640661938534258,0.32277847875430965,1.0,False,negative
secondary_pooled,0.2,10.0,0.5,45,-0.09868841792496047,0.08566257635060648,1.0,False,negative
secondary_pooled,0.2,10.0,1.0,45,-0.18734945111496648,0.006634618089284428,0.18576930649996398,False,negative
secondary_pooled,0.2,50.0,0.0,45,-0.023640661938534258,0.32277847875430965,1.0,False,negative
secondary_pooled,0.2,50.0,0.5,45,-0.09868841792496047,0.08566257635060648,1.0,False,negative
secondary_pooled,0.2,50.0,1.0,45,-0.20484726388836963,0.0037557015610181614,0.10891534526952668,False,negative
secondary_pooled,0.4,0.0,0.0,45,-0.07819328498354644,0.019455790069545228,0.35822238244045224,False,negative
secondary_pooled,0.4,0.0,0.5,45,-0.15779224710576234,0.008928356301068745,0.2410656201288561,False,negative
secondary_pooled,0.4,0.0,1.0,45,-0.343552326830842,3.60592519715282e-06,0.00015505478347757124,True,negative
secondary_pooled,0.4,10.0,0.0,45,-0.07819328498354644,0.019455790069545228,0.35822238244045224,False,negative
secondary_pooled,0.4,10.0,0.5,45,-0.15779224710576234,0.008928356301068745,0.2410656201288561,False,negative
secondary_pooled,0.4,10.0,1.0,45,-0.35567220647972264,2.3743050673032693e-06,0.00010446942296134385,True,negative
secondary_pooled,0.4,50.0,0.0,45,-0.07819328498354644,0.019455790069545228,0.35822238244045224,False,negative
secondary_pooled,0.4,50.0,0.5,45,-0.15779224710576234,0.008928356301068745,0.2410656201288561,False,negative
secondary_pooled,0.4,50.0,1.0,45,-0.3658193399145274,1.9398611388148945e-06,8.729375124667025e-05,True,negative
secondary_pooled,0.6,0.0,0.0,45,-0.14177045168871827,0.00028040761027424606,0.010935896800695595,True,negative
secondary_pooled,0.6,0.0,0.5,45,-0.29470817407585437,1.2263449015268716e-06,6.009090017481671e-05,True,negative
secondary_pooled,0.6,0.0,1.0,45,-0.49379654746191953,7.100032204220371e-07,3.6920167461945934e-05,True,negative
secondary_pooled,0.6,10.0,0.0,45,-0.14177045168871827,0.00028040761027424606,0.010935896800695595,True,negative
secondary_pooled,0.6,10.0,0.5,45,-0.3028481822158625,1.0010517182293922e-06,5.1053637629699e-05,True,negative
secondary_pooled,0.6,10.0,1.0,45,-0.5248432580259829,6.033000954371803e-07,3.1974905058170555e-05,True,negative
secondary_pooled,0.6,50.0,0.0,45,-0.14177045168871827,0.00028040761027424606,0.010935896800695595,True,negative
secondary_pooled,0.6,50.0,0.5,45,-0.3028481822158625,1.0010517182293922e-06,5.1053637629699e-05,True,negative
secondary_pooled,0.6,50.0,1.0,45,-0.5690330396021851,4.426914380503931e-07,2.3905337654721226e-05,True,negative
secondary_pooled,0.8,0.0,0.0,45,-0.14189115132000532,1.3167047175102115e-05,0.0005530159813542889,True,negative
secondary_pooled,0.8,0.0,0.5,45,-0.19588575540670977,0.00042275139597144597,0.014373547463029162,True,negative
secondary_pooled,0.8,0.0,1.0,45,-0.4131090529983349,1.569893733934683e-06,7.37850054949301e-05,True,negative
secondary_pooled,0.8,10.0,0.0,45,-0.13641769757068972,2.5372910211433288e-05,0.0010402893186687648,True,negative
secondary_pooled,0.8,10.0,0.5,45,-0.19529980360124613,0.0003210631228649671,0.011558272423138815,True,negative
secondary_pooled,0.8,10.0,1.0,45,-0.468057553822935,1.375751875583758e-06,6.603609002802039e-05,True,negative
secondary_pooled,0.8,50.0,0.0,45,-0.13641769757068972,2.5372910211433288e-05,0.0010402893186687648,True,negative
secondary_pooled,0.8,50.0,0.5,45,-0.19529980360124613,0.0003210631228649671,0.011558272423138815,True,negative
secondary_pooled,0.8,50.0,1.0,45,-0.49675439357274215,1.7937758612298505e-06,8.251368961657313e-05,True,negative
secondary_pooled,1.0,0.0,0.0,45,-0.11008513716709621,0.0023111488887125014,0.07164561555008754,False,negative
secondary_pooled,1.0,0.0,0.5,45,-0.10632596712965084,0.014528543094968439,0.3341564911842741,False,negative
secondary_pooled,1.0,0.0,1.0,45,-0.20023578032114908,0.003315698834309769,0.09947096502929308,False,negative
secondary_pooled,1.0,10.0,0.0,45,-0.11489514197710093,0.0015384259361390822,0.05076805589258971,False,negative
secondary_pooled,1.0,10.0,0.5,45,-0.10632596712965052,0.014528543094968835,0.3341564911842741,False,negative
secondary_pooled,1.0,10.0,1.0,45,-0.18410134020945243,0.016745531849145387,0.33491063698290774,False,negative
secondary_pooled,1.0,50.0,0.0,45,-0.11489514197710093,0.0015384259361390822,0.05076805589258971,False,negative
secondary_pooled,1.0,50.0,0.5,45,-0.10632596712965052,0.014528543094968835,0.3341564911842741,False,negative
secondary_pooled,1.0,50.0,1.0,45,-0.18917711584683666,0.018853809602129065,0.35822238244045224,False,negative
secondary_pooled,1.2,0.0,0.0,45,-0.0283539612738025,0.41741181099392033,1.0,False,negative
secondary_pooled,1.2,0.0,0.5,45,0.14767614003868376,0.02656332935040109,0.35822238244045224,False,positive
secondary_pooled,1.2,0.0,1.0,45,0.06365535555744878,0.4974188426133381,1.0,False,positive
secondary_pooled,1.2,10.0,0.0,45,-0.0283539612738025,0.41741181099392033,1.0,False,negative
secondary_pooled,1.2,10.0,0.5,45,0.15774562547106571,0.019691851368504938,0.35822238244045224,False,positive
secondary_pooled,1.2,10.0,1.0,45,0.07164096378031357,0.44014062582353913,1.0,False,positive
secondary_pooled,1.2,50.0,0.0,45,-0.0283539612738025,0.41741181099392033,1.0,False,negative
secondary_pooled,1.2,50.0,0.5,45,0.15774562547106571,0.019691851368504938,0.35822238244045224,False,positive
secondary_pooled,1.2,50.0,1.0,45,0.019179951117368747,0.8377278720136828,1.0,False,positive
