replicate,seed,policy,trace_start,trace_end,requests,on_time_fraction_pct,late_fraction_pct,shed_fraction_pct,normalized_network_waste
1,500,DA-BALS-NoMargin,2023-11-16 18:15:46.6805900,2023-11-16 18:18:02.3197540,600,61.5,4.833333333333333,33.666666666666664,0.0
1,500,DA-BALS-FixedMargin,2023-11-16 18:15:46.6805900,2023-11-16 18:18:02.3197540,600,62.66666666666667,2.5,34.833333333333336,0.0
1,500,DA-BALS-Adaptive,2023-11-16 18:15:46.6805900,2023-11-16 18:18:02.3197540,600,60.83333333333333,2.5,36.666666666666664,0.0
1,500,DA-BALS-Stabilized,2023-11-16 18:15:46.6805900,2023-11-16 18:18:02.3197540,600,62.33333333333333,4.0,33.666666666666664,0.0
2,501,DA-BALS-NoMargin,2023-11-16 18:18:02.4097390,2023-11-16 18:19:46.4830990,600,67.5,5.0,27.500000000000004,0.0
2,501,DA-BALS-FixedMargin,2023-11-16 18:18:02.4097390,2023-11-16 18:19:46.4830990,600,67.33333333333333,2.5,30.166666666666668,0.0
2,501,DA-BALS-Adaptive,2023-11-16 18:18:02.4097390,2023-11-16 18:19:46.4830990,600,66.0,2.833333333333333,31.166666666666664,0.0
2,501,DA-BALS-Stabilized,2023-11-16 18:18:02.4097390,2023-11-16 18:19:46.4830990,600,67.83333333333333,4.0,28.166666666666668,0.0
3,502,DA-BALS-NoMargin,2023-11-16 18:19:46.5818890,2023-11-16 18:20:46.5650330,600,55.666666666666664,4.333333333333334,40.0,0.0
3,502,DA-BALS-FixedMargin,2023-11-16 18:19:46.5818890,2023-11-16 18:20:46.5650330,600,55.833333333333336,1.3333333333333335,42.833333333333336,0.0
3,502,DA-BALS-Adaptive,2023-11-16 18:19:46.5818890,2023-11-16 18:20:46.5650330,600,53.166666666666664,2.0,44.83333333333333,0.0
3,502,DA-BALS-Stabilized,2023-11-16 18:19:46.5818890,2023-11-16 18:20:46.5650330,600,55.833333333333336,3.5000000000000004,40.666666666666664,0.0
4,503,DA-BALS-NoMargin,2023-11-16 18:20:46.6220570,2023-11-16 18:21:41.1512740,600,54.666666666666664,2.833333333333333,42.5,0.0
4,503,DA-BALS-FixedMargin,2023-11-16 18:20:46.6220570,2023-11-16 18:21:41.1512740,600,54.833333333333336,0.5,44.666666666666664,0.0
4,503,DA-BALS-Adaptive,2023-11-16 18:20:46.6220570,2023-11-16 18:21:41.1512740,600,53.666666666666664,0.5,45.83333333333333,0.0
4,503,DA-BALS-Stabilized,2023-11-16 18:20:46.6220570,2023-11-16 18:21:41.1512740,600,54.50000000000001,3.0,42.5,0.0
5,504,DA-BALS-NoMargin,2023-11-16 18:21:41.4343890,2023-11-16 18:23:12.0405010,600,65.16666666666666,4.333333333333334,30.5,0.0
5,504,DA-BALS-FixedMargin,2023-11-16 18:21:41.4343890,2023-11-16 18:23:12.0405010,600,64.33333333333333,2.666666666666667,33.0,0.0
5,504,DA-BALS-Adaptive,2023-11-16 18:21:41.4343890,2023-11-16 18:23:12.0405010,600,61.5,1.6666666666666667,36.833333333333336,0.0
5,504,DA-BALS-Stabilized,2023-11-16 18:21:41.4343890,2023-11-16 18:23:12.0405010,600,64.83333333333333,3.3333333333333335,31.833333333333336,0.0
6,505,DA-BALS-NoMargin,2023-11-16 18:23:12.1535890,2023-11-16 18:24:59.1447920,600,67.33333333333333,3.833333333333333,28.833333333333332,0.0
6,505,DA-BALS-FixedMargin,2023-11-16 18:23:12.1535890,2023-11-16 18:24:59.1447920,600,67.33333333333333,2.166666666666667,30.5,0.0
6,505,DA-BALS-Adaptive,2023-11-16 18:23:12.1535890,2023-11-16 18:24:59.1447920,600,64.66666666666666,2.166666666666667,33.166666666666664,0.0
6,505,DA-BALS-Stabilized,2023-11-16 18:23:12.1535890,2023-11-16 18:24:59.1447920,600,67.66666666666666,3.166666666666667,29.166666666666668,0.0
7,506,DA-BALS-NoMargin,2023-11-16 18:24:59.3932290,2023-11-16 18:26:33.8217000,600,63.33333333333333,4.0,32.666666666666664,0.0
7,506,DA-BALS-FixedMargin,2023-11-16 18:24:59.3932290,2023-11-16 18:26:33.8217000,600,62.83333333333333,1.8333333333333333,35.333333333333336,0.0
7,506,DA-BALS-Adaptive,2023-11-16 18:24:59.3932290,2023-11-16 18:26:33.8217000,600,56.833333333333336,2.0,41.16666666666667,0.0
7,506,DA-BALS-Stabilized,2023-11-16 18:24:59.3932290,2023-11-16 18:26:33.8217000,600,63.66666666666667,3.166666666666667,33.166666666666664,0.0
8,507,DA-BALS-NoMargin,2023-11-16 18:26:33.8235920,2023-11-16 18:27:10.0271110,600,53.5,3.166666666666667,43.333333333333336,0.0
8,507,DA-BALS-FixedMargin,2023-11-16 18:26:33.8235920,2023-11-16 18:27:10.0271110,600,53.833333333333336,1.3333333333333335,44.83333333333333,0.0
8,507,DA-BALS-Adaptive,2023-11-16 18:26:33.8235920,2023-11-16 18:27:10.0271110,600,51.83333333333333,1.5,46.666666666666664,0.0
8,507,DA-BALS-Stabilized,2023-11-16 18:26:33.8235920,2023-11-16 18:27:10.0271110,600,53.833333333333336,2.5,43.666666666666664,0.0
9,508,DA-BALS-NoMargin,2023-11-16 18:27:10.0290390,2023-11-16 18:27:54.3192260,600,64.83333333333333,2.833333333333333,32.33333333333333,0.0
9,508,DA-BALS-FixedMargin,2023-11-16 18:27:10.0290390,2023-11-16 18:27:54.3192260,600,63.83333333333333,1.3333333333333335,34.833333333333336,0.0
9,508,DA-BALS-Adaptive,2023-11-16 18:27:10.0290390,2023-11-16 18:27:54.3192260,600,62.0,1.5,36.5,0.0
9,508,DA-BALS-Stabilized,2023-11-16 18:27:10.0290390,2023-11-16 18:27:54.3192260,600,64.66666666666666,2.3333333333333335,33.0,0.0
10,509,DA-BALS-NoMargin,2023-11-16 18:27:54.3797400,2023-11-16 18:29:29.0985340,600,63.66666666666667,5.5,30.833333333333336,0.0
10,509,DA-BALS-FixedMargin,2023-11-16 18:27:54.3797400,2023-11-16 18:29:29.0985340,600,62.83333333333333,2.833333333333333,34.333333333333336,0.0
10,509,DA-BALS-Adaptive,2023-11-16 18:27:54.3797400,2023-11-16 18:29:29.0985340,600,62.16666666666667,2.833333333333333,35.0,0.0
10,509,DA-BALS-Stabilized,2023-11-16 18:27:54.3797400,2023-11-16 18:29:29.0985340,600,63.66666666666667,4.666666666666667,31.666666666666664,0.0
11,510,DA-BALS-NoMargin,2023-11-16 18:29:29.3441090,2023-11-16 18:31:19.7663010,600,68.66666666666667,4.666666666666667,26.666666666666668,0.0
11,510,DA-BALS-FixedMargin,2023-11-16 18:29:29.3441090,2023-11-16 18:31:19.7663010,600,68.0,2.166666666666667,29.833333333333336,0.0
11,510,DA-BALS-Adaptive,2023-11-16 18:29:29.3441090,2023-11-16 18:31:19.7663010,600,66.5,1.6666666666666667,31.833333333333336,0.0
11,510,DA-BALS-Stabilized,2023-11-16 18:29:29.3441090,2023-11-16 18:31:19.7663010,600,68.33333333333333,4.0,27.666666666666668,0.0
12,511,DA-BALS-NoMargin,2023-11-16 18:31:19.7672840,2023-11-16 18:31:41.7278160,600,53.0,3.3333333333333335,43.666666666666664,0.0
12,511,DA-BALS-FixedMargin,2023-11-16 18:31:19.7672840,2023-11-16 18:31:41.7278160,600,52.0,1.3333333333333335,46.666666666666664,0.0
12,511,DA-BALS-Adaptive,2023-11-16 18:31:19.7672840,2023-11-16 18:31:41.7278160,600,52.0,1.0,47.0,0.0
12,511,DA-BALS-Stabilized,2023-11-16 18:31:19.7672840,2023-11-16 18:31:41.7278160,600,53.0,2.833333333333333,44.166666666666664,0.0
13,512,DA-BALS-NoMargin,2023-11-16 18:31:41.7368020,2023-11-16 18:32:35.1724040,600,60.5,2.5,37.0,0.0
13,512,DA-BALS-FixedMargin,2023-11-16 18:31:41.7368020,2023-11-16 18:32:35.1724040,600,59.833333333333336,1.3333333333333335,38.83333333333333,0.0
13,512,DA-BALS-Adaptive,2023-11-16 18:31:41.7368020,2023-11-16 18:32:35.1724040,600,59.5,1.1666666666666667,39.33333333333333,0.0
13,512,DA-BALS-Stabilized,2023-11-16 18:31:41.7368020,2023-11-16 18:32:35.1724040,600,61.33333333333333,1.6666666666666667,37.0,0.0
14,513,DA-BALS-NoMargin,2023-11-16 18:32:35.2389540,2023-11-16 18:34:25.8391030,600,71.83333333333334,3.6666666666666665,24.5,0.0
14,513,DA-BALS-FixedMargin,2023-11-16 18:32:35.2389540,2023-11-16 18:34:25.8391030,600,70.5,1.3333333333333335,28.166666666666668,0.0
14,513,DA-BALS-Adaptive,2023-11-16 18:32:35.2389540,2023-11-16 18:34:25.8391030,600,70.66666666666667,1.3333333333333335,28.000000000000004,0.0
14,513,DA-BALS-Stabilized,2023-11-16 18:32:35.2389540,2023-11-16 18:34:25.8391030,600,71.0,3.6666666666666665,25.333333333333336,0.0
15,514,DA-BALS-NoMargin,2023-11-16 18:34:25.8688430,2023-11-16 18:35:29.6032620,600,64.83333333333333,2.5,32.666666666666664,0.0
15,514,DA-BALS-FixedMargin,2023-11-16 18:34:25.8688430,2023-11-16 18:35:29.6032620,600,63.33333333333333,0.8333333333333334,35.833333333333336,0.0
15,514,DA-BALS-Adaptive,2023-11-16 18:34:25.8688430,2023-11-16 18:35:29.6032620,600,63.66666666666667,1.0,35.333333333333336,0.0
15,514,DA-BALS-Stabilized,2023-11-16 18:34:25.8688430,2023-11-16 18:35:29.6032620,600,64.33333333333333,2.3333333333333335,33.33333333333333,0.0
16,515,DA-BALS-NoMargin,2023-11-16 18:35:29.6341690,2023-11-16 18:36:33.4835870,600,61.0,5.666666666666666,33.33333333333333,0.0
16,515,DA-BALS-FixedMargin,2023-11-16 18:35:29.6341690,2023-11-16 18:36:33.4835870,600,61.16666666666667,2.166666666666667,36.666666666666664,0.0
16,515,DA-BALS-Adaptive,2023-11-16 18:35:29.6341690,2023-11-16 18:36:33.4835870,600,58.5,1.8333333333333333,39.666666666666664,0.0
16,515,DA-BALS-Stabilized,2023-11-16 18:35:29.6341690,2023-11-16 18:36:33.4835870,600,61.33333333333333,3.833333333333333,34.833333333333336,0.0
17,516,DA-BALS-NoMargin,2023-11-16 18:36:33.5216050,2023-11-16 18:37:15.7806080,600,61.66666666666667,3.0,35.333333333333336,0.0
17,516,DA-BALS-FixedMargin,2023-11-16 18:36:33.5216050,2023-11-16 18:37:15.7806080,600,61.16666666666667,1.0,37.833333333333336,0.0
17,516,DA-BALS-Adaptive,2023-11-16 18:36:33.5216050,2023-11-16 18:37:15.7806080,600,62.0,1.0,37.0,0.0
17,516,DA-BALS-Stabilized,2023-11-16 18:36:33.5216050,2023-11-16 18:37:15.7806080,600,62.0,2.5,35.5,0.0
18,517,DA-BALS-NoMargin,2023-11-16 18:37:15.7850500,2023-11-16 18:38:33.6714000,600,67.33333333333333,2.833333333333333,29.833333333333336,0.0
18,517,DA-BALS-FixedMargin,2023-11-16 18:37:15.7850500,2023-11-16 18:38:33.6714000,600,66.16666666666666,1.1666666666666667,32.666666666666664,0.0
18,517,DA-BALS-Adaptive,2023-11-16 18:37:15.7850500,2023-11-16 18:38:33.6714000,600,62.0,2.166666666666667,35.833333333333336,0.0
18,517,DA-BALS-Stabilized,2023-11-16 18:37:15.7850500,2023-11-16 18:38:33.6714000,600,67.66666666666666,2.166666666666667,30.166666666666668,0.0
19,518,DA-BALS-NoMargin,2023-11-16 18:38:33.7130060,2023-11-16 18:39:37.4264520,600,66.5,3.0,30.5,0.0
19,518,DA-BALS-FixedMargin,2023-11-16 18:38:33.7130060,2023-11-16 18:39:37.4264520,600,64.83333333333333,1.8333333333333333,33.33333333333333,0.0
19,518,DA-BALS-Adaptive,2023-11-16 18:38:33.7130060,2023-11-16 18:39:37.4264520,600,63.83333333333333,1.3333333333333335,34.833333333333336,0.0
19,518,DA-BALS-Stabilized,2023-11-16 18:38:33.7130060,2023-11-16 18:39:37.4264520,600,66.0,2.833333333333333,31.166666666666664,0.0
20,519,DA-BALS-NoMargin,2023-11-16 18:39:37.5432150,2023-11-16 18:40:33.0633130,600,63.33333333333333,2.666666666666667,34.0,0.0
20,519,DA-BALS-FixedMargin,2023-11-16 18:39:37.5432150,2023-11-16 18:40:33.0633130,600,60.333333333333336,1.6666666666666667,38.0,0.0
20,519,DA-BALS-Adaptive,2023-11-16 18:39:37.5432150,2023-11-16 18:40:33.0633130,600,59.166666666666664,1.1666666666666667,39.666666666666664,0.0
20,519,DA-BALS-Stabilized,2023-11-16 18:39:37.5432150,2023-11-16 18:40:33.0633130,600,63.16666666666667,1.8333333333333333,35.0,0.0
21,520,DA-BALS-NoMargin,2023-11-16 18:40:33.0635470,2023-11-16 18:41:05.6197740,600,57.49999999999999,3.833333333333333,38.666666666666664,0.0
21,520,DA-BALS-FixedMargin,2023-11-16 18:40:33.0635470,2023-11-16 18:41:05.6197740,600,56.99999999999999,1.8333333333333333,41.16666666666667,0.0
21,520,DA-BALS-Adaptive,2023-11-16 18:40:33.0635470,2023-11-16 18:41:05.6197740,600,54.666666666666664,1.3333333333333335,44.0,0.0
21,520,DA-BALS-Stabilized,2023-11-16 18:40:33.0635470,2023-11-16 18:41:05.6197740,600,57.666666666666664,2.833333333333333,39.5,0.0
22,521,DA-BALS-NoMargin,2023-11-16 18:41:05.6681530,2023-11-16 18:42:02.8874900,600,61.0,2.5,36.5,0.0
22,521,DA-BALS-FixedMargin,2023-11-16 18:41:05.6681530,2023-11-16 18:42:02.8874900,600,61.0,0.8333333333333334,38.166666666666664,0.0
22,521,DA-BALS-Adaptive,2023-11-16 18:41:05.6681530,2023-11-16 18:42:02.8874900,600,60.16666666666667,1.6666666666666667,38.166666666666664,0.0
22,521,DA-BALS-Stabilized,2023-11-16 18:41:05.6681530,2023-11-16 18:42:02.8874900,600,61.5,2.166666666666667,36.333333333333336,0.0
23,522,DA-BALS-NoMargin,2023-11-16 18:42:03.0206530,2023-11-16 18:43:18.2635650,600,68.33333333333333,4.333333333333334,27.333333333333332,0.0
23,522,DA-BALS-FixedMargin,2023-11-16 18:42:03.0206530,2023-11-16 18:43:18.2635650,600,67.16666666666666,2.666666666666667,30.166666666666668,0.0
23,522,DA-BALS-Adaptive,2023-11-16 18:42:03.0206530,2023-11-16 18:43:18.2635650,600,58.166666666666664,1.8333333333333333,40.0,0.0
23,522,DA-BALS-Stabilized,2023-11-16 18:42:03.0206530,2023-11-16 18:43:18.2635650,600,67.66666666666666,4.166666666666666,28.166666666666668,0.0
24,523,DA-BALS-NoMargin,2023-11-16 18:43:18.3075230,2023-11-16 18:44:13.3183010,600,63.83333333333333,1.6666666666666667,34.5,0.0
24,523,DA-BALS-FixedMargin,2023-11-16 18:43:18.3075230,2023-11-16 18:44:13.3183010,600,63.66666666666667,0.6666666666666667,35.66666666666667,0.0
24,523,DA-BALS-Adaptive,2023-11-16 18:43:18.3075230,2023-11-16 18:44:13.3183010,600,63.5,1.0,35.5,0.0
24,523,DA-BALS-Stabilized,2023-11-16 18:43:18.3075230,2023-11-16 18:44:13.3183010,600,64.33333333333333,1.1666666666666667,34.5,0.0
25,524,DA-BALS-NoMargin,2023-11-16 18:44:13.3721730,2023-11-16 18:45:12.4586780,600,66.83333333333333,2.833333333333333,30.333333333333336,0.0
25,524,DA-BALS-FixedMargin,2023-11-16 18:44:13.3721730,2023-11-16 18:45:12.4586780,600,66.0,1.0,33.0,0.0
25,524,DA-BALS-Adaptive,2023-11-16 18:44:13.3721730,2023-11-16 18:45:12.4586780,600,59.5,1.0,39.5,0.0
25,524,DA-BALS-Stabilized,2023-11-16 18:44:13.3721730,2023-11-16 18:45:12.4586780,600,66.5,2.166666666666667,31.333333333333336,0.0
26,525,DA-BALS-NoMargin,2023-11-16 18:45:12.6164770,2023-11-16 18:45:59.6623910,600,62.66666666666667,4.0,33.33333333333333,0.0
26,525,DA-BALS-FixedMargin,2023-11-16 18:45:12.6164770,2023-11-16 18:45:59.6623910,600,62.5,1.6666666666666667,35.833333333333336,0.0
26,525,DA-BALS-Adaptive,2023-11-16 18:45:12.6164770,2023-11-16 18:45:59.6623910,600,61.5,2.0,36.5,0.0
26,525,DA-BALS-Stabilized,2023-11-16 18:45:12.6164770,2023-11-16 18:45:59.6623910,600,64.16666666666667,2.166666666666667,33.666666666666664,0.0
27,526,DA-BALS-NoMargin,2023-11-16 18:45:59.6699260,2023-11-16 18:46:43.4611020,600,61.16666666666667,4.5,34.333333333333336,0.0
27,526,DA-BALS-FixedMargin,2023-11-16 18:45:59.6699260,2023-11-16 18:46:43.4611020,600,60.83333333333333,1.8333333333333333,37.333333333333336,0.0
27,526,DA-BALS-Adaptive,2023-11-16 18:45:59.6699260,2023-11-16 18:46:43.4611020,600,60.333333333333336,1.6666666666666667,38.0,0.0
27,526,DA-BALS-Stabilized,2023-11-16 18:45:59.6699260,2023-11-16 18:46:43.4611020,600,61.83333333333333,2.5,35.66666666666667,0.0
28,527,DA-BALS-NoMargin,2023-11-16 18:46:43.5533240,2023-11-16 18:47:30.1614710,600,68.66666666666667,3.6666666666666665,27.666666666666668,0.0
28,527,DA-BALS-FixedMargin,2023-11-16 18:46:43.5533240,2023-11-16 18:47:30.1614710,600,67.0,1.8333333333333333,31.166666666666664,0.0
28,527,DA-BALS-Adaptive,2023-11-16 18:46:43.5533240,2023-11-16 18:47:30.1614710,600,63.66666666666667,3.166666666666667,33.166666666666664,0.0
28,527,DA-BALS-Stabilized,2023-11-16 18:46:43.5533240,2023-11-16 18:47:30.1614710,600,68.16666666666666,3.6666666666666665,28.166666666666668,0.0
29,528,DA-BALS-NoMargin,2023-11-16 18:47:30.1934370,2023-11-16 18:48:36.3286160,600,65.83333333333333,5.333333333333334,28.833333333333332,0.0
29,528,DA-BALS-FixedMargin,2023-11-16 18:47:30.1934370,2023-11-16 18:48:36.3286160,600,66.16666666666666,2.3333333333333335,31.5,0.0
29,528,DA-BALS-Adaptive,2023-11-16 18:47:30.1934370,2023-11-16 18:48:36.3286160,600,61.66666666666667,2.666666666666667,35.66666666666667,0.0
29,528,DA-BALS-Stabilized,2023-11-16 18:47:30.1934370,2023-11-16 18:48:36.3286160,600,66.0,4.333333333333334,29.666666666666668,0.0
30,529,DA-BALS-NoMargin,2023-11-16 18:48:36.3312140,2023-11-16 18:49:47.2418060,600,65.5,4.833333333333333,29.666666666666668,0.0
30,529,DA-BALS-FixedMargin,2023-11-16 18:48:36.3312140,2023-11-16 18:49:47.2418060,600,65.33333333333333,2.3333333333333335,32.33333333333333,0.0
30,529,DA-BALS-Adaptive,2023-11-16 18:48:36.3312140,2023-11-16 18:49:47.2418060,600,58.5,1.1666666666666667,40.33333333333333,0.0
30,529,DA-BALS-Stabilized,2023-11-16 18:48:36.3312140,2023-11-16 18:49:47.2418060,600,65.66666666666666,3.166666666666667,31.166666666666664,0.0
