load,tau_ms,cv,baseline,pairs,mean_delta_pp,ci95_low_pp,ci95_high_pp,p_value,holm_p_value_global_162
0.2,0.0,0.0,DA-BALS-NoMargin,30,0.0,0.0,0.0,,1.0
0.2,0.0,0.0,DA-BALS-FixedMargin,30,5.222055113155037,4.267279265724683,6.17683096058539,4.891505457170086e-12,5.771976439460701e-10
0.2,0.0,0.0,DA-BALS-Adaptive,30,0.892656068010524,0.5605607280257339,1.2247514079953141,6.371302196699891e-06,0.0004141346427854929
0.2,0.0,0.5,DA-BALS-NoMargin,30,-0.12542581993701846,-0.2470017624150968,-0.0038498774589401236,0.04360503827933276,1.0
0.2,0.0,0.5,DA-BALS-FixedMargin,30,4.731448466406757,3.838802493149967,5.624094439663547,1.0250291360305142e-11,1.148032632354176e-09
0.2,0.0,0.5,DA-BALS-Adaptive,30,2.243139021743524,1.5824369424551823,2.903841101031866,1.2423690540095641e-07,1.0435900053680338e-05
0.2,0.0,1.0,DA-BALS-NoMargin,30,-0.18828280208569576,-0.3313897064719836,-0.04517589769940786,0.011702643728393082,0.3978898867653648
0.2,0.0,1.0,DA-BALS-FixedMargin,30,4.292687702171063,3.4846716203867745,5.100703783955352,9.71435539494813e-12,1.1074365150240868e-09
0.2,0.0,1.0,DA-BALS-Adaptive,30,5.1110138810860715,3.7654890587334346,6.456538703438708,1.44287247454654e-08,1.370728850819213e-06
0.2,10.0,0.0,DA-BALS-NoMargin,30,0.0,0.0,0.0,,1.0
0.2,10.0,0.0,DA-BALS-FixedMargin,30,5.222055113155037,4.267279265724683,6.17683096058539,4.891505457170086e-12,5.771976439460701e-10
0.2,10.0,0.0,DA-BALS-Adaptive,30,0.892656068010524,0.5605607280257339,1.2247514079953141,6.371302196699891e-06,0.0004141346427854929
0.2,10.0,0.5,DA-BALS-NoMargin,30,-0.12542581993701846,-0.2470017624150968,-0.0038498774589401236,0.04360503827933276,1.0
0.2,10.0,0.5,DA-BALS-FixedMargin,30,4.731448466406757,3.838802493149967,5.624094439663547,1.0250291360305142e-11,1.148032632354176e-09
0.2,10.0,0.5,DA-BALS-Adaptive,30,2.4930225840200047,1.6964482693225922,3.2895968987174173,5.335511914255464e-07,4.0549890548341526e-05
0.2,10.0,1.0,DA-BALS-NoMargin,30,-0.22128610241572869,-0.3737431197395966,-0.06882908509186075,0.005946744628408815,0.2081360619943085
0.2,10.0,1.0,DA-BALS-FixedMargin,30,4.292687702171063,3.4846716203867745,5.100703783955352,9.71435539494813e-12,1.1074365150240868e-09
0.2,10.0,1.0,DA-BALS-Adaptive,30,6.006429565244821,3.7058244563831915,8.30703467410645,9.869703356096754e-06,0.0006020519047219019
0.2,50.0,0.0,DA-BALS-NoMargin,30,0.0,0.0,0.0,,1.0
0.2,50.0,0.0,DA-BALS-FixedMargin,30,5.222055113155037,4.267279265724683,6.17683096058539,4.891505457170086e-12,5.771976439460701e-10
0.2,50.0,0.0,DA-BALS-Adaptive,30,0.892656068010524,0.5605607280257339,1.2247514079953141,6.371302196699891e-06,0.0004141346427854929
0.2,50.0,0.5,DA-BALS-NoMargin,30,-0.12542581993701846,-0.2470017624150968,-0.0038498774589401236,0.04360503827933276,1.0
0.2,50.0,0.5,DA-BALS-FixedMargin,30,4.731448466406757,3.838802493149967,5.624094439663547,1.0250291360305142e-11,1.148032632354176e-09
0.2,50.0,0.5,DA-BALS-Adaptive,30,2.4930225840200047,1.6964482693225922,3.2895968987174173,5.335511914255464e-07,4.0549890548341526e-05
0.2,50.0,1.0,DA-BALS-NoMargin,30,-0.24753282157583384,-0.40389535575972246,-0.09117028739194519,0.003012866976013247,0.11202579806333246
0.2,50.0,1.0,DA-BALS-FixedMargin,30,4.224246890183954,3.4010931173383283,5.047400663029579,2.177575716511857e-11,2.3082302595025687e-09
0.2,50.0,1.0,DA-BALS-Adaptive,30,6.674178746319807,4.140082700006188,9.208274792633427,8.664267845891715e-06,0.0005371846064452864
0.4,0.0,0.0,DA-BALS-NoMargin,30,-0.08507893382437952,-0.17408312459566655,0.003925256946907527,0.06027873482080995,1.0
0.4,0.0,0.0,DA-BALS-FixedMargin,30,4.158454525561465,3.682556341101902,4.634352710021028,3.384098749012677e-17,4.974625161048635e-15
0.4,0.0,0.0,DA-BALS-Adaptive,30,0.9632189684114701,0.66565640470684,1.2607815321161002,2.948734506310972e-07,2.3589876050487775e-05
0.4,0.0,0.5,DA-BALS-NoMargin,30,-0.12381455229485804,-0.2734459867291945,0.025816882139478428,0.10129765541139021,1.0
0.4,0.0,0.5,DA-BALS-FixedMargin,30,3.568463474548524,3.110637263737282,4.026289685359766,6.918170982586276e-16,9.685439375620787e-14
0.4,0.0,0.5,DA-BALS-Adaptive,30,1.8832004719298576,1.3453977140849722,2.421003229774743,6.980652733070999e-08,6.073167877771769e-06
0.4,0.0,1.0,DA-BALS-NoMargin,30,-0.30445985624060323,-0.4493017075768713,-0.15961800490433514,0.00017664658113965978,0.009185622219262309
0.4,0.0,1.0,DA-BALS-FixedMargin,30,3.133495038294518,2.634797191355294,3.632192885233742,1.685073106703757e-13,2.156893576580809e-11
0.4,0.0,1.0,DA-BALS-Adaptive,30,6.3037758176590275,3.447238740726916,9.16031289459114,9.784559285831109e-05,0.00538150760720711
0.4,10.0,0.0,DA-BALS-NoMargin,30,-0.08507893382437952,-0.17408312459566655,0.003925256946907527,0.06027873482080995,1.0
0.4,10.0,0.0,DA-BALS-FixedMargin,30,4.158454525561465,3.682556341101902,4.634352710021028,3.384098749012677e-17,4.974625161048635e-15
0.4,10.0,0.0,DA-BALS-Adaptive,30,0.9632189684114701,0.66565640470684,1.2607815321161002,2.948734506310972e-07,2.3589876050487775e-05
0.4,10.0,0.5,DA-BALS-NoMargin,30,-0.12381455229485804,-0.2734459867291945,0.025816882139478428,0.10129765541139021,1.0
0.4,10.0,0.5,DA-BALS-FixedMargin,30,3.568463474548524,3.110637263737282,4.026289685359766,6.918170982586276e-16,9.685439375620787e-14
0.4,10.0,0.5,DA-BALS-Adaptive,30,1.8498671385965244,1.295628549340219,2.40410572785283,1.698463025909526e-07,1.3927396812458113e-05
0.4,10.0,1.0,DA-BALS-NoMargin,30,-0.3567702510209704,-0.5217079207752101,-0.19183258126673067,0.00012525598941153112,0.00676382342822268
0.4,10.0,1.0,DA-BALS-FixedMargin,30,2.959786499732046,2.4677686876594747,3.4518043118046178,4.929010320405548e-13,6.11197279730288e-11
0.4,10.0,1.0,DA-BALS-Adaptive,30,6.612499216261456,3.7707415127509156,9.454256919771996,4.9540477878970814e-05,0.002873347716980307
0.4,50.0,0.0,DA-BALS-NoMargin,30,-0.08507893382437952,-0.17408312459566655,0.003925256946907527,0.06027873482080995,1.0
0.4,50.0,0.0,DA-BALS-FixedMargin,30,4.158454525561465,3.682556341101902,4.634352710021028,3.384098749012677e-17,4.974625161048635e-15
0.4,50.0,0.0,DA-BALS-Adaptive,30,0.9632189684114701,0.66565640470684,1.2607815321161002,2.948734506310972e-07,2.3589876050487775e-05
0.4,50.0,0.5,DA-BALS-NoMargin,30,-0.12381455229485804,-0.2734459867291945,0.025816882139478428,0.10129765541139021,1.0
0.4,50.0,0.5,DA-BALS-FixedMargin,30,3.568463474548524,3.110637263737282,4.026289685359766,6.918170982586276e-16,9.685439375620787e-14
0.4,50.0,0.5,DA-BALS-Adaptive,30,1.8498671385965244,1.295628549340219,2.40410572785283,1.698463025909526e-07,1.3927396812458113e-05
0.4,50.0,1.0,DA-BALS-NoMargin,30,-0.3567702510209704,-0.5217079207752101,-0.19183258126673067,0.00012525598941153112,0.00676382342822268
0.4,50.0,1.0,DA-BALS-FixedMargin,30,2.959786499732046,2.4677686876594747,3.4518043118046178,4.929010320405548e-13,6.11197279730288e-11
0.4,50.0,1.0,DA-BALS-Adaptive,30,6.903188408045868,4.092236800410506,9.714140015681231,2.38142111987483e-05,0.0014288526719248979
0.6,0.0,0.0,DA-BALS-NoMargin,30,-0.11785603481919082,-0.21048734193970928,-0.025224727698672372,0.014440472216587992,0.47653558314740374
0.6,0.0,0.0,DA-BALS-FixedMargin,30,4.656751256862309,4.212205649673358,5.10129686405126,2.523695602760114e-19,4.0126760083885813e-17
0.6,0.0,0.0,DA-BALS-Adaptive,30,1.074160251034303,0.8538535260558758,1.29446697601273,7.032662003341715e-11,7.3842951035088e-09
0.6,0.0,0.5,DA-BALS-NoMargin,30,-0.2555127219015257,-0.3870859913084358,-0.12393945249461555,0.00043188478954706884,0.017707276371429822
0.6,0.0,0.5,DA-BALS-FixedMargin,30,3.857523348701588,3.383460704139988,4.331585993263189,2.2368224811638683e-16,3.2210243728759703e-14
0.6,0.0,0.5,DA-BALS-Adaptive,30,1.9571730942336947,1.5321233353487054,2.382222853118684,2.53006556268525e-10,2.5300655626852498e-08
0.6,0.0,1.0,DA-BALS-NoMargin,30,-0.43922212782939357,-0.6631387785759616,-0.21530547708282552,0.00038743829236487616,0.017047284864054553
0.6,0.0,1.0,DA-BALS-FixedMargin,30,3.34862113918995,2.880288605974566,3.816953672405334,6.458355092188655e-15,8.654195823532797e-13
0.6,0.0,1.0,DA-BALS-Adaptive,30,4.902547798320268,3.435713051020632,6.369382545619904,1.656434789933728e-07,1.3748408756449942e-05
0.6,10.0,0.0,DA-BALS-NoMargin,30,-0.11785603481919082,-0.21048734193970928,-0.025224727698672372,0.014440472216587992,0.47653558314740374
0.6,10.0,0.0,DA-BALS-FixedMargin,30,4.656751256862309,4.212205649673358,5.10129686405126,2.523695602760114e-19,4.0126760083885813e-17
0.6,10.0,0.0,DA-BALS-Adaptive,30,1.074160251034303,0.8538535260558758,1.29446697601273,7.032662003341715e-11,7.3842951035088e-09
0.6,10.0,0.5,DA-BALS-NoMargin,30,-0.26772273411153785,-0.403093973916686,-0.13235149430638968,0.0003541572993966232,0.016291235772244665
0.6,10.0,0.5,DA-BALS-FixedMargin,30,3.845313336491576,3.3712311343821666,4.319395538600985,2.4342074355544095e-16,3.4809166328428055e-14
0.6,10.0,0.5,DA-BALS-Adaptive,30,2.0247314302936377,1.5893809715507845,2.460081889036491,2.028154760022329e-10,2.0687178552227755e-08
0.6,10.0,1.0,DA-BALS-NoMargin,30,-0.47393262527102376,-0.7063203329247552,-0.24154491761729235,0.0002509674013150035,0.01204643526312017
0.6,10.0,1.0,DA-BALS-FixedMargin,30,3.2595448416423873,2.798657393311201,3.720432289973574,8.546427327683338e-15,1.136674834581884e-12
0.6,10.0,1.0,DA-BALS-Adaptive,30,5.150975296088192,3.6651317899414764,6.636818802234908,8.428619209330118e-08,7.248612520023902e-06
0.6,50.0,0.0,DA-BALS-NoMargin,30,-0.11785603481919082,-0.21048734193970928,-0.025224727698672372,0.014440472216587992,0.47653558314740374
0.6,50.0,0.0,DA-BALS-FixedMargin,30,4.656751256862309,4.212205649673358,5.10129686405126,2.523695602760114e-19,4.0126760083885813e-17
0.6,50.0,0.0,DA-BALS-Adaptive,30,1.074160251034303,0.8538535260558758,1.29446697601273,7.032662003341715e-11,7.3842951035088e-09
0.6,50.0,0.5,DA-BALS-NoMargin,30,-0.26772273411153785,-0.403093973916686,-0.13235149430638968,0.0003541572993966232,0.016291235772244665
0.6,50.0,0.5,DA-BALS-FixedMargin,30,3.845313336491576,3.3712311343821666,4.319395538600985,2.4342074355544095e-16,3.4809166328428055e-14
0.6,50.0,0.5,DA-BALS-Adaptive,30,2.0247314302936377,1.5893809715507845,2.460081889036491,2.028154760022329e-10,2.0687178552227755e-08
0.6,50.0,1.0,DA-BALS-NoMargin,30,-0.48591483874577457,-0.7448769506358384,-0.22695272685571077,0.0006205520464713362,0.02482208185885345
0.6,50.0,1.0,DA-BALS-FixedMargin,30,3.236186557414538,2.7849088047088784,3.687464310120198,5.988727323310685e-15,8.084781886469424e-13
0.6,50.0,1.0,DA-BALS-Adaptive,30,5.391853528146456,3.9440957031040154,6.8396113531888965,2.131308669130379e-08,2.0034301489825564e-06
0.8,0.0,0.0,DA-BALS-NoMargin,30,-0.15244888090426228,-0.22597009974707,-0.07892766206145459,0.00020728342763028467,0.010571454809144518
0.8,0.0,0.0,DA-BALS-FixedMargin,30,3.905950033591416,3.477430384887044,4.334469682295788,1.0936200762037516e-17,1.651366315067665e-15
0.8,0.0,0.0,DA-BALS-Adaptive,30,1.0027283026388658,0.7523840960850039,1.2530725091927277,4.94157448803067e-09,4.892158743150363e-07
0.8,0.0,0.5,DA-BALS-NoMargin,30,-0.1999958214998429,-0.3256087601879827,-0.07438288281170316,0.0028724563605983604,0.11202579806333246
0.8,0.0,0.5,DA-BALS-FixedMargin,30,3.0127087005438464,2.6303675117339878,3.395049889353705,5.204847823769151e-16,7.338835431514503e-14
0.8,0.0,0.5,DA-BALS-Adaptive,30,1.6842329969052334,1.3573169214944028,2.011149072316064,1.9890516458851664e-11,2.128285261097128e-09
0.8,0.0,1.0,DA-BALS-NoMargin,30,-0.3968749011683807,-0.5940421583352782,-0.1997076440014832,0.00029106915197956053,0.013680250143039346
0.8,0.0,1.0,DA-BALS-FixedMargin,30,2.6358857755190135,2.23683170756388,3.034939843474147,4.835639362205567e-14,6.286331170867237e-12
0.8,0.0,1.0,DA-BALS-Adaptive,30,5.285157107403067,3.447596549736468,7.122717665069666,2.200000364188203e-06,0.0001496000247647978
0.8,10.0,0.0,DA-BALS-NoMargin,30,-0.14423870028028887,-0.21816456905903492,-0.07031283150154284,0.0004105150047043914,0.01765214520228883
0.8,10.0,0.0,DA-BALS-FixedMargin,30,3.905721395649989,3.4775355297494053,4.333907261550572,1.0726695211002413e-17,1.6411843672833691e-15
0.8,10.0,0.0,DA-BALS-Adaptive,30,1.0027283026388658,0.7523840960850039,1.2530725091927277,4.94157448803067e-09,4.892158743150363e-07
0.8,10.0,0.5,DA-BALS-NoMargin,30,-0.19999582149984338,-0.32560876018798285,-0.07438288281170391,0.002872456360598268,0.11202579806333246
0.8,10.0,0.5,DA-BALS-FixedMargin,30,2.9959935431637277,2.6106312372925187,3.3813558490349367,7.395292185961593e-16,1.0131550294767382e-13
0.8,10.0,0.5,DA-BALS-Adaptive,30,1.6756398652989697,1.351762545672499,1.9995171849254403,1.8033651561343058e-11,1.94763436862505e-09
0.8,10.0,1.0,DA-BALS-NoMargin,30,-0.4532371066524893,-0.6736051376564218,-0.23286907564855672,0.00022776699854494152,0.011160582928702135
0.8,10.0,1.0,DA-BALS-FixedMargin,30,2.546624117387611,2.148147633148506,2.9451006016267165,1.104933328903234e-13,1.4253639942851719e-11
0.8,10.0,1.0,DA-BALS-Adaptive,30,5.8440288050943545,3.885234453973517,7.802823156215192,1.2047595612886377e-06,8.553792885149328e-05
0.8,50.0,0.0,DA-BALS-NoMargin,30,-0.14423870028028887,-0.21816456905903492,-0.07031283150154284,0.0004105150047043914,0.01765214520228883
0.8,50.0,0.0,DA-BALS-FixedMargin,30,3.905721395649989,3.4775355297494053,4.333907261550572,1.0726695211002413e-17,1.6411843672833691e-15
0.8,50.0,0.0,DA-BALS-Adaptive,30,1.0027283026388658,0.7523840960850039,1.2530725091927277,4.94157448803067e-09,4.892158743150363e-07
0.8,50.0,0.5,DA-BALS-NoMargin,30,-0.19999582149984338,-0.32560876018798285,-0.07438288281170391,0.002872456360598268,0.11202579806333246
0.8,50.0,0.5,DA-BALS-FixedMargin,30,2.9959935431637277,2.6106312372925187,3.3813558490349367,7.395292185961593e-16,1.0131550294767382e-13
0.8,50.0,0.5,DA-BALS-Adaptive,30,1.6835575216726828,1.3601588997978995,2.006956143547466,1.5615073129279275e-11,1.702042971091441e-09
0.8,50.0,1.0,DA-BALS-NoMargin,30,-0.5044124475780113,-0.7484309789617928,-0.2603939161942298,0.0002148939249602445,0.010744696248012225
0.8,50.0,1.0,DA-BALS-FixedMargin,30,2.4624537553179757,2.0454228335546873,2.879484677081264,7.762951393476212e-13,9.470800700040979e-11
0.8,50.0,1.0,DA-BALS-Adaptive,30,5.8311013885666965,3.9448834141185944,7.7173193630147985,6.598073083571086e-07,4.750612620171182e-05
1.0,0.0,0.0,DA-BALS-NoMargin,30,-0.06989911173139376,-0.15338616186385673,0.013587938401069213,0.09750563917508823,1.0
1.0,0.0,0.0,DA-BALS-FixedMargin,30,3.2805450555141977,2.978128339305852,3.5829617717225433,9.693917954089407e-20,1.570414708562484e-17
1.0,0.0,0.0,DA-BALS-Adaptive,30,0.7594939903654762,0.5529440132373217,0.9660439674936306,2.735642381910556e-08,2.4894345675386058e-06
1.0,0.0,0.5,DA-BALS-NoMargin,30,-0.07220844153515457,-0.18140725533121402,0.036990372260904875,0.18669290484584616,1.0
1.0,0.0,0.5,DA-BALS-FixedMargin,30,2.4010614677026365,2.1372112403341164,2.6649116950711567,1.142675579111826e-17,1.714013368667739e-15
1.0,0.0,0.5,DA-BALS-Adaptive,30,1.3046281795975256,1.0630788419839985,1.5461775172110528,6.586006234584068e-12,7.573907169771678e-10
1.0,0.0,1.0,DA-BALS-NoMargin,30,-0.1865256499228882,-0.3495419063054922,-0.023509393540284224,0.026364467506672457,0.7909340252001738
1.0,0.0,1.0,DA-BALS-FixedMargin,30,1.855918686265262,1.5852180160343021,2.1266193564962217,1.8865981837893044e-14,2.490309602601882e-12
1.0,0.0,1.0,DA-BALS-Adaptive,30,4.751154292772285,3.520338759492617,5.981969826051953,1.0460042396928079e-08,1.0041640701050956e-06
1.0,10.0,0.0,DA-BALS-NoMargin,30,-0.06989911173139376,-0.15338616186385673,0.013587938401069213,0.09750563917508823,1.0
1.0,10.0,0.0,DA-BALS-FixedMargin,30,3.2805450555141977,2.978128339305852,3.5829617717225433,9.693917954089407e-20,1.570414708562484e-17
1.0,10.0,0.0,DA-BALS-Adaptive,30,0.7594939903654762,0.5529440132373217,0.9660439674936306,2.735642381910556e-08,2.4894345675386058e-06
1.0,10.0,0.5,DA-BALS-NoMargin,30,-0.0722084415351541,-0.1814072553312137,0.03699037226090551,0.18669290484584966,1.0
1.0,10.0,0.5,DA-BALS-FixedMargin,30,2.3813905187373208,2.116870221141889,2.6459108163327527,1.5248872595274375e-17,2.2720820166958818e-15
1.0,10.0,0.5,DA-BALS-Adaptive,30,1.4178635747387414,1.1652672224235423,1.6704599270539404,2.6361544898987882e-12,3.1633853878785457e-10
1.0,10.0,1.0,DA-BALS-NoMargin,30,-0.154687642514961,-0.33983281498929885,0.030457529959376867,0.09817561653734888,1.0
1.0,10.0,1.0,DA-BALS-FixedMargin,30,1.8422190463782646,1.5691029131759207,2.1153351795806086,2.85087262145498e-14,3.734643134106024e-12
1.0,10.0,1.0,DA-BALS-Adaptive,30,5.4443607758322035,3.8562459827609765,7.032475568903431,1.0380808667278622e-07,8.823687367186829e-06
1.0,50.0,0.0,DA-BALS-NoMargin,30,-0.06989911173139376,-0.15338616186385673,0.013587938401069213,0.09750563917508823,1.0
1.0,50.0,0.0,DA-BALS-FixedMargin,30,3.2805450555141977,2.978128339305852,3.5829617717225433,9.693917954089407e-20,1.570414708562484e-17
1.0,50.0,0.0,DA-BALS-Adaptive,30,0.7594939903654762,0.5529440132373217,0.9660439674936306,2.735642381910556e-08,2.4894345675386058e-06
1.0,50.0,0.5,DA-BALS-NoMargin,30,-0.0722084415351541,-0.1814072553312137,0.03699037226090551,0.18669290484584966,1.0
1.0,50.0,0.5,DA-BALS-FixedMargin,30,2.3813905187373208,2.116870221141889,2.6459108163327527,1.5248872595274375e-17,2.2720820166958818e-15
1.0,50.0,0.5,DA-BALS-Adaptive,30,1.4178635747387414,1.1652672224235423,1.6704599270539404,2.6361544898987882e-12,3.1633853878785457e-10
1.0,50.0,1.0,DA-BALS-NoMargin,30,-0.14175385642143823,-0.3294099988941219,0.04590228605124547,0.13320246965569152,1.0
1.0,50.0,1.0,DA-BALS-FixedMargin,30,1.7898138815446099,1.479510709420858,2.1001170536683618,1.3704429700062606e-12,1.6582359937075754e-10
1.0,50.0,1.0,DA-BALS-Adaptive,30,6.2859475131138804,4.000699635689582,8.571195390538179,4.466961012871511e-06,0.0002948194268495197
1.2,0.0,0.0,DA-BALS-NoMargin,30,-0.07681880822092163,-0.1606624963807628,0.007024879938919537,0.07105674664224583,1.0
1.2,0.0,0.0,DA-BALS-FixedMargin,30,2.3215742752787203,2.0804612422914635,2.562687308265977,2.4970842555705844e-18,3.895451438690112e-16
1.2,0.0,0.0,DA-BALS-Adaptive,30,0.5790677330224592,0.39500618825182054,0.7631292777930978,4.872644289576384e-07,3.751936102973816e-05
1.2,0.0,0.5,DA-BALS-NoMargin,30,0.06961620275399506,-0.08639095689224728,0.2256233624002374,0.36894790780494496,1.0
1.2,0.0,0.5,DA-BALS-FixedMargin,30,1.60719426447772,1.3427374266423786,1.8716511023130613,3.837222831134421e-13,4.796528538918026e-11
1.2,0.0,0.5,DA-BALS-Adaptive,30,0.8806370174127234,0.5666350717654518,1.194638963059995,3.29414750131594e-06,0.000220707882588168
1.2,0.0,1.0,DA-BALS-NoMargin,30,-0.04595744657295076,-0.26061206816829957,0.16869717502239803,0.6647156186995689,1.0
1.2,0.0,1.0,DA-BALS-FixedMargin,30,1.106315282011444,0.8083395672201734,1.4042909968027144,2.26473331000421e-08,2.1062019783039155e-06
1.2,0.0,1.0,DA-BALS-Adaptive,30,3.458958941974296,1.9946629778945852,4.923254906054007,4.054331634514652e-05,0.0023920556643636445
1.2,10.0,0.0,DA-BALS-NoMargin,30,-0.07681880822092163,-0.1606624963807628,0.007024879938919537,0.07105674664224583,1.0
1.2,10.0,0.0,DA-BALS-FixedMargin,30,2.3160187197231648,2.0746771513129616,2.557360288133368,2.7333525643813283e-18,4.236696474791059e-16
1.2,10.0,0.0,DA-BALS-Adaptive,30,0.5737767277314542,0.3896286836784035,0.7579247717845048,5.761138492370622e-07,4.26324248435426e-05
1.2,10.0,0.5,DA-BALS-NoMargin,30,0.07517175830955031,-0.08259385513314382,0.23293737175224444,0.33786465292462625,1.0
1.2,10.0,0.5,DA-BALS-FixedMargin,30,1.6072401781599974,1.3437564439418113,1.8707239123781836,3.5023921779323227e-13,4.44803806597405e-11
1.2,10.0,0.5,DA-BALS-Adaptive,30,0.9026993237325508,0.5933282372874714,1.2120704101776303,1.7405424015827482e-06,0.00012183796811079237
1.2,10.0,1.0,DA-BALS-NoMargin,30,-0.03910584857764026,-0.23451897483581025,0.1563072776805297,0.6853348895929617,1.0
1.2,10.0,1.0,DA-BALS-FixedMargin,30,1.08838296766953,0.7935842043591232,1.3831817309799368,2.528093687590439e-08,2.325846192583204e-06
1.2,10.0,1.0,DA-BALS-Adaptive,30,3.1818503988648197,1.7744809626570222,4.589219835072617,7.205394436402548e-05,0.004035020884385427
1.2,50.0,0.0,DA-BALS-NoMargin,30,-0.07681880822092163,-0.1606624963807628,0.007024879938919537,0.07105674664224583,1.0
1.2,50.0,0.0,DA-BALS-FixedMargin,30,2.3160187197231648,2.0746771513129616,2.557360288133368,2.7333525643813283e-18,4.236696474791059e-16
1.2,50.0,0.0,DA-BALS-Adaptive,30,0.5737767277314542,0.3896286836784035,0.7579247717845048,5.761138492370622e-07,4.26324248435426e-05
1.2,50.0,0.5,DA-BALS-NoMargin,30,0.07517175830955031,-0.08259385513314382,0.23293737175224444,0.33786465292462625,1.0
1.2,50.0,0.5,DA-BALS-FixedMargin,30,1.6072401781599974,1.3437564439418113,1.8707239123781836,3.5023921779323227e-13,4.44803806597405e-11
1.2,50.0,0.5,DA-BALS-Adaptive,30,0.9026993237325508,0.5933282372874714,1.2120704101776303,1.7405424015827482e-06,0.00012183796811079237
1.2,50.0,1.0,DA-BALS-NoMargin,30,-0.10202014670642777,-0.30234727627553365,0.09830698286267812,0.3062172275832096,1.0
1.2,50.0,1.0,DA-BALS-FixedMargin,30,1.0657708896944296,0.7675882702573483,1.3639535091315107,4.7290363923470704e-08,4.161552025265422e-06
1.2,50.0,1.0,DA-BALS-Adaptive,30,3.1907516676421355,1.8187243248896172,4.562779010394654,4.9915967212090664e-05,0.002873347716980307
